Workbook

Sheet الاضاقه
A1: DASSNY 3STAR IUSSE
L2: DATE | M2: DATE | N2: DATE | O2: DATE | P2: DATE | Q2: DATE | R2: DATE | S2: DATE | T2: DATE | U2: DATE | V2: DATE | W2: DATE | X2: DATE | Y2: DATE | Z2: DATE | AA2: DATE | AB2: DATE | AC2: DATE | AD2: DATE | AE2: DATE | AF2: DATE | AG2: DATE | AH2: DATE | AI2: DATE | AJ2: DATE | AK2: DATE | AL2: DATE | AM2: DATE | AN2: DATE | AO2: DATE | AP2: DATE | AQ2: DATE | AR2: DATE | AS2: DATE | AT2: DATE | AU2: DATE | AV2: DATE | AW2: DATE
M3: 45116 | N3: 16-9-2023
L4: INVIOS | M4: INVIOS | N4: INVIOS | O4: INVIOS | P4: INVIOS | Q4: INVIOS | R4: INVIOS | S4: INVIOS | T4: INVIOS | U4: INVIOS | V4: INVIOS | W4: INVIOS | X4: INVIOS | Y4: INVIOS | Z4: INVIOS | AA4: INVIOS | AB4: INVIOS | AC4: INVIOS | AD4: INVIOS | AE4: INVIOS | AF4: INVIOS | AG4: INVIOS | AH4: INVIOS | AI4: INVIOS | AJ4: INVIOS | AK4: INVIOS | AL4: INVIOS | AM4: INVIOS | AN4: INVIOS | AO4: INVIOS | AP4: INVIOS | AQ4: INVIOS | AR4: INVIOS | AS4: INVIOS | AT4: INVIOS | AU4: INVIOS | AV4: INVIOS | AW4: INVIOS
A5: Client | B5: Item | C5: Color | D5: Size | E5: CON | F5: FABIC | G5: UPC | H5: RQ Order | I5: invois Purchase | J5: Received | K5: Balance (received+purchase) | L5: STOCK | M5: 1323 | N5: 1351 | O5: Column4 | P5: Column5 | Q5: Column6 | R5: Column7 | S5: Column8 | T5: Column9 | U5: Column10
A6: DASSNY | B6: HANG TAG | C6: BLUE | D6: …. | E6: 1 | F6: … | G6: … | H6: 10377 | J6: =SUM(L6:AW6) -> 12500 | K6: =Table1[[#This Row],[Received]]-Table1[[#This Row],[RQ Order]] -> 2123 | L6: 2000 | M6: 10500
A7: DASSNY | B7: HEAT SEAL | C7: WHTIE | D7: 12M | E7: 1 | F7: 65/35 POLY-COTTON | G7: IO0543 | H7: 6380 | J7: =SUM(L7:AW7) -> 8083 | K7: =Table1[[#This Row],[Received]]-Table1[[#This Row],[RQ Order]] -> 1703 | N7: 8083
A8: DASSNY | B8: HEAT SEAL | C8: WHTIE | D8: 18M | E8: 1 | F8: 65/35 POLY-COTTON | G8: IO0543 | H8: 3604 | J8: =SUM(L8:AW8) -> 4921 | K8: =Table1[[#This Row],[Received]]-Table1[[#This Row],[RQ Order]] -> 1317 | N8: 4921
A9: DASSNY | B9: HEAT SEAL | C9: WHTIE | D9: 24M | E9: 1 | F9: 65/35 POLY-COTTON | G9: IO0543 | H9: 594 | J9: =SUM(L9:AW9) -> 797 | K9: =Table1[[#This Row],[Received]]-Table1[[#This Row],[RQ Order]] -> 203 | N9: 797
A10: DASSNY | B10: PRIS TCKET | C10: GRAY HEATHER | D10: 12M | E10: 1 | F10: GHR | G10: 732409190487 | H10: 1611 | J10: =SUM(L10:AW10) -> 0 | K10: =Table1[[#This Row],[Received]]-Table1[[#This Row],[RQ Order]] -> -1611
A11: DASSNY | B11: PRIS TCKET | C11: GRAY HEATHER | D11: 18M | E11: 1 | F11: GHR | G11: 732409190784 | H11: 711 | J11: =SUM(L11:AW11) -> 0 | K11: =Table1[[#This Row],[Received]]-Table1[[#This Row],[RQ Order]] -> -711
A12: DASSNY | B12: PRIS TCKET | C12: GRAY HEATHER | D12: 24M | E12: 1 | F12: GHR | G12: 732409190791 | H12: 150 | J12: =SUM(L12:AW12) -> 0 | K12: =Table1[[#This Row],[Received]]-Table1[[#This Row],[RQ Order]] -> -150
A13: DASSNY | B13: PRIS TCKET | C13: GRAY HEATHER | D13: 12M | E13: 1 | F13: GHR | G13: 732409190807 | H13: 2197 | J13: =SUM(L13:AW13) -> 0 | K13: =Table1[[#This Row],[Received]]-Table1[[#This Row],[RQ Order]] -> -2197
A14: DASSNY | B14: PRIS TCKET | C14: GRAY HEATHER | D14: 18M | E14: 1 | F14: GHR | G14: 732409190814 | H14: 810 | J14: =SUM(L14:AW14) -> 0 | K14: =Table1[[#This Row],[Received]]-Table1[[#This Row],[RQ Order]] -> -810
A15: DASSNY | B15: PRIS TCKET | C15: GRAY HEATHER | D15: 24M | E15: 1 | F15: GHR | G15: 732409191033 | H15: 210 | J15: =SUM(L15:AW15) -> 0 | K15: =Table1[[#This Row],[Received]]-Table1[[#This Row],[RQ Order]] -> -210
A16: DASSNY | B16: PRIS TCKET | C16: LIGHT PINK | D16: 12M | E16: 1 | F16: LTP | G16: 732409131695 | H16: 1192 | J16: =SUM(L16:AW16) -> 0 | K16: =Table1[[#This Row],[Received]]-Table1[[#This Row],[RQ Order]] -> -1192
A17: DASSNY | B17: PRIS TCKET | C17: LIGHT PINK | D17: 18M | E17: 1 | F17: LTP | G17: 732409131701 | H17: 836 | J17: =SUM(L17:AW17) -> 0 | K17: =Table1[[#This Row],[Received]]-Table1[[#This Row],[RQ Order]] -> -836
A18: DASSNY | B18: PRIS TCKET | C18: LIGHT PINK | D18: 24M | E18: 1 | F18: LTP | G18: 732409131718 | H18: 58 | J18: =SUM(L18:AW18) -> 0 | K18: =Table1[[#This Row],[Received]]-Table1[[#This Row],[RQ Order]] -> -58
A19: DASSNY | B19: PRIS TCKET | C19: ROYAL | D19: 12M | E19: 1 | F19: RYL | G19: 732409192177 | H19: 1259 | J19: =SUM(L19:AW19) -> 0 | K19: =Table1[[#This Row],[Received]]-Table1[[#This Row],[RQ Order]] -> -1259
A20: DASSNY | B20: PRIS TCKET | C20: ROYAL | D20: 18M | E20: 1 | F20: RYL | G20: 732409192184 | H20: 1179 | J20: =SUM(L20:AW20) -> 0 | K20: =Table1[[#This Row],[Received]]-Table1[[#This Row],[RQ Order]] -> -1179
A21: DASSNY | B21: PRIS TCKET | C21: ROYAL | D21: 24M | E21: 1 | F21: RYL | G21: 732409192245 | H21: 165 | J21: =SUM(L21:AW21) -> 0 | K21: =Table1[[#This Row],[Received]]-Table1[[#This Row],[RQ Order]] -> -165
A22: DASSNY | B22: SANP | C22: GRAY HEATHER | D22: 14L | E22: 1 | F22: MOD GERY | G22: IO0543 | H22: 7560 | J22: =SUM(L22:AW22) -> 0 | K22: =Table1[[#This Row],[Received]]-Table1[[#This Row],[RQ Order]] -> -7560
A23: DASSNY | B23: SANP | C23: BLACK | D23: 14L | E23: 1 | F23: BLACK | G23: IO0543 | H23: 9840 | J23: =SUM(L23:AW23) -> 0 | K23: =Table1[[#This Row],[Received]]-Table1[[#This Row],[RQ Order]] -> -9840
A24: DASSNY | B24: SANP | C24: LIGHT PINK | D24: 14L | E24: 1 | F24: PINK | G24: IO0543 | H24: 6390 | J24: =SUM(L24:AW24) -> 0 | K24: =Table1[[#This Row],[Received]]-Table1[[#This Row],[RQ Order]] -> -6390
A25: DASSNY | B25: SANP | C25: ROYAL | D25: 14L | E25: 1 | F25: ROYAL | G25: IO0543 | H25: 7980 | J25: =SUM(L25:AW25) -> 0 | K25: =Table1[[#This Row],[Received]]-Table1[[#This Row],[RQ Order]] -> -7980
J26: =SUM(L26:AW26) -> 0 | K26: =Table1[[#This Row],[Received]]-Table1[[#This Row],[RQ Order]] -> 0
J27: =SUM(L27:AW27) -> 0 | K27: =Table1[[#This Row],[Received]]-Table1[[#This Row],[RQ Order]] -> 0
J28: =SUM(L28:AW28) -> 0 | K28: =Table1[[#This Row],[Received]]-Table1[[#This Row],[RQ Order]] -> 0
J29: =SUM(L29:AW29) -> 0 | K29: =Table1[[#This Row],[Received]]-Table1[[#This Row],[RQ Order]] -> 0
J30: =SUM(L30:AW30) -> 0 | K30: =Table1[[#This Row],[Received]]-Table1[[#This Row],[RQ Order]] -> 0
J31: =SUM(L31:AW31) -> 0 | K31: =Table1[[#This Row],[Received]]-Table1[[#This Row],[RQ Order]] -> 0
J32: =SUM(L32:AW32) -> 0 | K32: =Table1[[#This Row],[Received]]-Table1[[#This Row],[RQ Order]] -> 0
J33: =SUM(L33:AW33) -> 0 | K33: =Table1[[#This Row],[Received]]-Table1[[#This Row],[RQ Order]] -> 0
J34: =SUM(L34:AW34) -> 0 | K34: =Table1[[#This Row],[Received]]-Table1[[#This Row],[RQ Order]] -> 0
J35: =SUM(L35:AW35) -> 0 | K35: =Table1[[#This Row],[Received]]-Table1[[#This Row],[RQ Order]] -> 0
J36: =SUM(L36:AW36) -> 0 | K36: =Table1[[#This Row],[Received]]-Table1[[#This Row],[RQ Order]] -> 0
J37: =SUM(L37:AW37) -> 0 | K37: =Table1[[#This Row],[Received]]-Table1[[#This Row],[RQ Order]] -> 0
... J64: =SUM(L64:AW64) -> 0 | K64: =Table1[[#This Row],[Received]]-Table1[[#This Row],[RQ Order]] -> 0

Sheet الصرف
A1: DASSNY 3STAR RECEVIED | K1: DATE | L1: DATE | M1: DATE | N1: DATE | O1: DATE | P1: DATE | Q1: DATE | R1: DATE | S1: DATE | T1: DATE | U1: DATE | V1: DATE | W1: DATE | X1: DATE | Y1: DATE | Z1: DATE | AA1: DATE | AB1: DATE | AC1: DATE | AD1: DATE | AE1: DATE | AF1: DATE | AG1: DATE | AH1: DATE | AI1: DATE | AJ1: DATE | AK1: DATE | AL1: DATE | AM1: DATE | AN1: DATE | AO1: DATE | AP1: DATE | AQ1: DATE | AR1: DATE | AS1: DATE | AT1: DATE | AU1: DATE | AV1: DATE | AW1: DATE | AX1: DATE | AY1: DATE | AZ1: DATE | BA1: DATE | BB1: DATE | BC1: DATE | BD1: DATE | BE1: DATE | BF1: DATE | BG1: DATE | BH1: DATE | BI1: DATE | BJ1: DATE | BK1: DATE | BL1: DATE | BM1: DATE | BN1: DATE | BO1: DATE | BP1: DATE | BQ1: DATE | BR1: DATE | BS1: DATE | BT1: DATE | BU1: DATE | BV1: DATE | BW1: DATE | BX1: DATE | BY1: DATE | BZ1: DATE | CA1: DATE | CB1: DATE | CC1: DATE | CD1: DATE | CE1: DATE | CF1: DATE | CG1: DATE | CH1: DATE | CI1: DATE | CJ1: DATE | CK1: DATE | CL1: DATE | CM1: DATE | CN1: DATE | CO1: DATE | CP1: DATE | CQ1: DATE | CR1: DATE | CS1: DATE | CT1: DATE | CU1: DATE | CV1: DATE | CW1: DATE | CX1: DATE | CY1: DATE | CZ1: DATE | DA1: DATE
K3: COMPANY | L3: COMPANY | M3: COMPANY | N3: COMPANY | O3: COMPANY | P3: COMPANY | Q3: COMPANY | R3: COMPANY | S3: COMPANY | T3: COMPANY | U3: COMPANY | V3: COMPANY | W3: COMPANY | X3: COMPANY | Y3: COMPANY | Z3: COMPANY | AA3: COMPANY | AB3: COMPANY | AC3: COMPANY | AD3: COMPANY | AE3: COMPANY | AF3: COMPANY | AG3: COMPANY | AH3: COMPANY | AI3: COMPANY | AJ3: COMPANY | AK3: COMPANY | AL3: COMPANY | AM3: COMPANY | AN3: COMPANY | AO3: COMPANY | AP3: COMPANY | AQ3: COMPANY | AR3: COMPANY | AS3: COMPANY | AT3: COMPANY | AU3: COMPANY | AV3: COMPANY | AW3: COMPANY | AX3: COMPANY | AY3: COMPANY | AZ3: COMPANY | BA3: COMPANY | BB3: COMPANY | BC3: COMPANY | BD3: COMPANY | BE3: COMPANY | BF3: COMPANY | BG3: COMPANY | BH3: COMPANY | BI3: COMPANY | BJ3: COMPANY | BK3: COMPANY | BL3: COMPANY | BM3: COMPANY | BN3: COMPANY | BO3: COMPANY | BP3: COMPANY | BQ3: COMPANY | BR3: COMPANY | BS3: COMPANY | BT3: COMPANY | BU3: COMPANY | BV3: COMPANY | BW3: COMPANY | BX3: COMPANY | BY3: COMPANY | BZ3: COMPANY | CA3: COMPANY | CB3: COMPANY | CC3: COMPANY | CD3: COMPANY | CE3: COMPANY | CF3: COMPANY | CG3: COMPANY | CH3: COMPANY | CI3: COMPANY | CJ3: COMPANY | CK3: COMPANY | CL3: COMPANY | CM3: COMPANY | CN3: COMPANY | CO3: COMPANY | CP3: COMPANY | CQ3: COMPANY | CR3: COMPANY | CS3: COMPANY | CT3: COMPANY | CU3: COMPANY | CV3: COMPANY | CW3: COMPANY | CX3: COMPANY | CY3: COMPANY | CZ3: COMPANY | DA3: COMPANY
K5: INVIOS | L5: INVIOS | M5: INVIOS | N5: INVIOS | O5: INVIOS | P5: INVIOS | Q5: INVIOS | R5: INVIOS | S5: INVIOS | T5: INVIOS | U5: INVIOS | V5: INVIOS | W5: INVIOS | X5: INVIOS | Y5: INVIOS | Z5: INVIOS | AA5: INVIOS | AB5: INVIOS | AC5: INVIOS | AD5: INVIOS | AE5: INVIOS | AF5: INVIOS | AG5: INVIOS | AH5: INVIOS | AI5: INVIOS | AJ5: INVIOS | AK5: INVIOS | AL5: INVIOS | AM5: INVIOS | AN5: INVIOS | AO5: INVIOS | AP5: INVIOS | AQ5: INVIOS | AR5: INVIOS | AS5: INVIOS | AT5: INVIOS | AU5: INVIOS | AV5: INVIOS | AW5: INVIOS | AX5: INVIOS | AY5: INVIOS | AZ5: INVIOS | BA5: INVIOS | BB5: INVIOS | BC5: INVIOS | BD5: INVIOS | BE5: INVIOS | BF5: INVIOS | BG5: INVIOS | BH5: INVIOS | BI5: INVIOS | BJ5: INVIOS | BK5: INVIOS | BL5: INVIOS | BM5: INVIOS | BN5: INVIOS | BO5: INVIOS | BP5: INVIOS | BQ5: INVIOS | BR5: INVIOS | BS5: INVIOS | BT5: INVIOS | BU5: INVIOS | BV5: INVIOS | BW5: INVIOS | BX5: INVIOS | BY5: INVIOS | BZ5: INVIOS | CA5: INVIOS | CB5: INVIOS | CC5: INVIOS | CD5: INVIOS | CE5: INVIOS | CF5: INVIOS | CG5: INVIOS | CH5: INVIOS | CI5: INVIOS | CJ5: INVIOS | CK5: INVIOS | CL5: INVIOS | CM5: INVIOS | CN5: INVIOS | CO5: INVIOS | CP5: INVIOS | CQ5: INVIOS | CR5: INVIOS | CS5: INVIOS | CT5: INVIOS | CU5: INVIOS | CV5: INVIOS | CW5: INVIOS | CX5: INVIOS | CY5: INVIOS | CZ5: INVIOS | DA5: INVIOS
A7: Client | B7: Item | C7: Color | D7: Size | E7: FABIC | F7: UPC | G7: RQ Order | H7: IUSSE | I7: RECEIVED | J7: BALNCE | K7: Column1 | L7: Column2 | M7: Column3 | N7: Column4 | O7: Column5 | P7: Column6 | Q7: Column7 | R7: Column8 | S7: Column9 | T7: Column10 | U7: Column82 | V7: Column83 | W7: Column84 | X7: Column85 | Y7: Column86 | Z7: Column87 | AA7: Column88 | AB7: Column89 | AC7: Column810 | AD7: Column811 | AE7: Column812 | AF7: Column813 | AG7: Column814 | AH7: Column815 | AI7: Column816 | AJ7: Column817 | AK7: Column818 | AL7: Column819 | AM7: Column820 | AN7: Column821 | AO7: Column822 | AP7: Column823 | AQ7: Column824 | AR7: Column825 | AS7: Column826 | AT7: Column827 | AU7: Column828 | AV7: Column829 | AW7: Column830 | AX7: Column831 | AY7: Column832 | AZ7: Column833 | BA7: Column834 | BB7: Column835 | BC7: Column836 | BD7: Column837 | BE7: Column838 | BF7: Column839 | BG7: Column840 | BH7: Column841 | BI7: Column842 | BJ7: Column843 | BK7: Column844 | BL7: Column845 | BM7: Column846 | BN7: Column847 | BO7: Column848 | BP7: Column849 | BQ7: Column850 | BR7: Column851 | BS7: Column852 | BT7: Column853 | BU7: Column854 | BV7: Column855 | BW7: Column856 | BX7: Column857 | BY7: Column858 | BZ7: Column859 | CA7: Column860 | CB7: Column861 | CC7: Column862 | CD7: Column863 | CE7: Column864 | CF7: Column865 | CG7: Column866 | CH7: Column867 | CI7: Column868 | CJ7: Column869 | CK7: Column870 | CL7: Column871 | CM7: Column872 | CN7: Column873 | CO7: Column874 | CP7: Column875 | CQ7: Column876 | CR7: Column877 | CS7: Column878 | CT7: Column879 | CU7: Column880 | CV7: Column881 | CW7: Column882 | CX7: Column883 | CY7: Column884 | CZ7: Column885 | DA7: Column886
A8: =الاضاقه!A6 -> DASSNY | B8: =الاضاقه!B6 -> HANG TAG | C8: =الاضاقه!C6 -> BLUE | D8: =الاضاقه!D6 -> …. | E8: =الاضاقه!F6 -> … | F8: =الاضاقه!G6 -> … | G8: =الاضاقه!H6 -> 10377 | H8: =الاضاقه!J6 -> 12500 | I8: =SUM(K8:DA8) -> 0 | J8: =Table13[[#This Row],[RECEIVED]]-Table13[[#This Row],[IUSSE]] -> -12500
A9: =الاضاقه!A7 -> DASSNY | B9: =الاضاقه!B7 -> HEAT SEAL | C9: =الاضاقه!C7 -> WHTIE | D9: =الاضاقه!D7 -> 12M | E9: =الاضاقه!F7 -> 65/35 POLY-COTTON | F9: =الاضاقه!G7 -> IO0543 | G9: =الاضاقه!H7 -> 6380 | H9: =الاضاقه!J7 -> 8083 | I9: =SUM(K9:DA9) -> 0 | J9: =Table13[[#This Row],[RECEIVED]]-Table13[[#This Row],[IUSSE]] -> -8083
A10: =الاضاقه!A8 -> DASSNY | B10: =الاضاقه!B8 -> HEAT SEAL | C10: =الاضاقه!C8 -> WHTIE | D10: =الاضاقه!D8 -> 18M | E10: =الاضاقه!F8 -> 65/35 POLY-COTTON | F10: =الاضاقه!G8 -> IO0543 | G10: =الاضاقه!H8 -> 3604 | H10: =الاضاقه!J8 -> 4921 | I10: =SUM(K10:DA10) -> 0 | J10: =Table13[[#This Row],[RECEIVED]]-Table13[[#This Row],[IUSSE]] -> -4921
A11: =الاضاقه!A9 -> DASSNY | B11: =الاضاقه!B9 -> HEAT SEAL | C11: =الاضاقه!C9 -> WHTIE | D11: =الاضاقه!D9 -> 24M | E11: =الاضاقه!F9 -> 65/35 POLY-COTTON | F11: =الاضاقه!G9 -> IO0543 | G11: =الاضاقه!H9 -> 594 | H11: =الاضاقه!J9 -> 797 | I11: =SUM(K11:DA11) -> 0 | J11: =Table13[[#This Row],[RECEIVED]]-Table13[[#This Row],[IUSSE]] -> -797
A12: =الاضاقه!A10 -> DASSNY | B12: =الاضاقه!B10 -> PRIS TCKET | C12: =الاضاقه!C10 -> GRAY HEATHER | D12: =الاضاقه!D10 -> 12M | E12: =الاضاقه!F10 -> GHR | F12: =الاضاقه!G10 -> 732409190487 | G12: =الاضاقه!H10 -> 1611 | H12: =الاضاقه!J10 -> 0 | I12: =SUM(K12:DA12) -> 0 | J12: =Table13[[#This Row],[RECEIVED]]-Table13[[#This Row],[IUSSE]] -> 0
A13: =الاضاقه!A11 -> DASSNY | B13: =الاضاقه!B11 -> PRIS TCKET | C13: =الاضاقه!C11 -> GRAY HEATHER | D13: =الاضاقه!D11 -> 18M | E13: =الاضاقه!F11 -> GHR | F13: =الاضاقه!G11 -> 732409190784 | G13: =الاضاقه!H11 -> 711 | H13: =الاضاقه!J11 -> 0 | I13: =SUM(K13:DA13) -> 0 | J13: =Table13[[#This Row],[RECEIVED]]-Table13[[#This Row],[IUSSE]] -> 0
A14: =الاضاقه!A12 -> DASSNY | B14: =الاضاقه!B12 -> PRIS TCKET | C14: =الاضاقه!C12 -> GRAY HEATHER | D14: =الاضاقه!D12 -> 24M | E14: =الاضاقه!F12 -> GHR | F14: =الاضاقه!G12 -> 732409190791 | G14: =الاضاقه!H12 -> 150 | H14: =الاضاقه!J12 -> 0 | I14: =SUM(K14:DA14) -> 0 | J14: =Table13[[#This Row],[RECEIVED]]-Table13[[#This Row],[IUSSE]] -> 0
A15: =الاضاقه!A13 -> DASSNY | B15: =الاضاقه!B13 -> PRIS TCKET | C15: =الاضاقه!C13 -> GRAY HEATHER | D15: =الاضاقه!D13 -> 12M | E15: =الاضاقه!F13 -> GHR | F15: =الاضاقه!G13 -> 732409190807 | G15: =الاضاقه!H13 -> 2197 | H15: =الاضاقه!J13 -> 0 | I15: =SUM(K15:DA15) -> 0 | J15: =Table13[[#This Row],[RECEIVED]]-Table13[[#This Row],[IUSSE]] -> 0
A16: =الاضاقه!A14 -> DASSNY | B16: =الاضاقه!B14 -> PRIS TCKET | C16: =الاضاقه!C14 -> GRAY HEATHER | D16: =الاضاقه!D14 -> 18M | E16: =الاضاقه!F14 -> GHR | F16: =الاضاقه!G14 -> 732409190814 | G16: =الاضاقه!H14 -> 810 | H16: =الاضاقه!J14 -> 0 | I16: =SUM(K16:DA16) -> 0 | J16: =Table13[[#This Row],[RECEIVED]]-Table13[[#This Row],[IUSSE]] -> 0
A17: =الاضاقه!A15 -> DASSNY | B17: =الاضاقه!B15 -> PRIS TCKET | C17: =الاضاقه!C15 -> GRAY HEATHER | D17: =الاضاقه!D15 -> 24M | E17: =الاضاقه!F15 -> GHR | F17: =الاضاقه!G15 -> 732409191033 | G17: =الاضاقه!H15 -> 210 | H17: =الاضاقه!J15 -> 0 | I17: =SUM(K17:DA17) -> 0 | J17: =Table13[[#This Row],[RECEIVED]]-Table13[[#This Row],[IUSSE]] -> 0
A18: =الاضاقه!A16 -> DASSNY | B18: =الاضاقه!B16 -> PRIS TCKET | C18: =الاضاقه!C16 -> LIGHT PINK | D18: =الاضاقه!D16 -> 12M | E18: =الاضاقه!F16 -> LTP | F18: =الاضاقه!G16 -> 732409131695 | G18: =الاضاقه!H16 -> 1192 | H18: =الاضاقه!J16 -> 0 | I18: =SUM(K18:DA18) -> 0 | J18: =Table13[[#This Row],[RECEIVED]]-Table13[[#This Row],[IUSSE]] -> 0
A19: =الاضاقه!A17 -> DASSNY | B19: =الاضاقه!B17 -> PRIS TCKET | C19: =الاضاقه!C17 -> LIGHT PINK | D19: =الاضاقه!D17 -> 18M | E19: =الاضاقه!F17 -> LTP | F19: =الاضاقه!G17 -> 732409131701 | G19: =الاضاقه!H17 -> 836 | H19: =الاضاقه!J17 -> 0 | I19: =SUM(K19:DA19) -> 0 | J19: =Table13[[#This Row],[RECEIVED]]-Table13[[#This Row],[IUSSE]] -> 0
... A164: =الاضاقه!A162 -> 0 | B164: =الاضاقه!B162 -> 0 | C164: =الاضاقه!C162 -> 0 | D164: =الاضاقه!D162 -> 0 | E164: =الاضاقه!F162 -> 0 | F164: =الاضاقه!G162 -> 0 | G164: =الاضاقه!H162 -> 0 | H164: =الاضاقه!J162 -> 0 | I164: =SUM(K164:DA164) -> 0 | J164: =Table13[[#This Row],[RECEIVED]]-Table13[[#This Row],[IUSSE]] -> 0
